{
  "eslint.config.js": 1774966485.600054,
  "tsup.config.ts": 1774966485.6190655,
  "vitest.config.ts": 1774966485.6190655,
  "bench\\collections.bench.mjs": 1774966485.598539,
  "src\\index.ts": 1776796726.0418868,
  "src\\abstracts\\AbstractCollection.ts": 1774966485.6050718,
  "src\\abstracts\\AbstractDeque.ts": 1776795883.6841395,
  "src\\abstracts\\AbstractList.ts": 1774966485.6061625,
  "src\\abstracts\\AbstractMap.ts": 1774966485.6061625,
  "src\\abstracts\\AbstractQueue.ts": 1774966485.6061625,
  "src\\abstracts\\AbstractSet.ts": 1774966485.6070673,
  "src\\abstracts\\AbstractStack.ts": 1774966485.6070673,
  "src\\abstracts\\index.ts": 1776795883.7137127,
  "src\\interfaces\\Collection.ts": 1774966485.6080668,
  "src\\interfaces\\Deque.ts": 1776795883.665065,
  "src\\interfaces\\index.ts": 1776795883.7137127,
  "src\\interfaces\\Iterator.ts": 1774966485.6090658,
  "src\\interfaces\\List.ts": 1774966485.6090658,
  "src\\interfaces\\Map.ts": 1774966485.6090658,
  "src\\interfaces\\Queue.ts": 1774966485.6100667,
  "src\\interfaces\\Set.ts": 1774966485.6100667,
  "src\\interfaces\\Stack.ts": 1774966485.6100667,
  "src\\list\\ArrayList.ts": 1776796726.2136908,
  "src\\list\\LinkedList.ts": 1774966485.6110656,
  "src\\map\\HashMap.ts": 1774966485.6120665,
  "src\\map\\TreeMap.ts": 1776796726.1203759,
  "src\\queue\\LinkedDeque.ts": 1776795883.7122035,
  "src\\queue\\LinkedQueue.ts": 1774966485.6120665,
  "src\\queue\\PriorityQueue.ts": 1776796726.1002605,
  "src\\set\\HashSet.ts": 1774966485.6120665,
  "src\\set\\TreeSet.ts": 1776796726.2786493,
  "src\\stack\\LinkedStack.ts": 1774966485.6130645,
  "src\\utils\\index.ts": 1774966485.6130645,
  "src\\utils\\validation.ts": 1774966485.6130645,
  "test\\docker\\docker.integration.test.ts": 1774966485.614065,
  "test\\documentation\\readme.test.ts": 1774966485.614065,
  "test\\interfaces\\Collection.test.ts": 1774966485.614065,
  "test\\interfaces\\Deque.test.ts": 1776795883.638966,
  "test\\interfaces\\index.ts": 1776795883.7137127,
  "test\\interfaces\\Iterator.test.ts": 1774966485.6150658,
  "test\\interfaces\\List.test.ts": 1774966485.6150658,
  "test\\interfaces\\Map.test.ts": 1774966485.6150658,
  "test\\interfaces\\Queue.test.ts": 1774966485.6150658,
  "test\\interfaces\\Set.test.ts": 1774966485.6160638,
  "test\\interfaces\\Stack.test.ts": 1774966485.6160638,
  "test\\list\\ArrayList.test.ts": 1774966485.6160638,
  "test\\list\\LinkedList.test.ts": 1774966485.6170652,
  "test\\map\\HashMap.test.ts": 1774966485.6170652,
  "test\\map\\TreeMap.test.ts": 1776796726.142012,
  "test\\queue\\LinkedDeque.test.ts": 1776795883.646508,
  "test\\queue\\LinkedQueue.test.ts": 1774966485.6170652,
  "test\\queue\\PriorityQueue.test.ts": 1776796726.1002605,
  "test\\set\\HashSet.test.ts": 1774966485.618065,
  "test\\set\\TreeSet.test.ts": 1776796726.280648,
  "test\\stack\\LinkedStack.test.ts": 1774966485.618065,
  "test\\workflows\\github-actions.test.ts": 1774966485.618065,
  "AGENTS.md": 1776821276.1980245,
  "ARCHITECTURE.md": 1774966485.5900013,
  "BEHAVIOR_CONSISTENCY_MATRIX.md": 1776796725.8107066,
  "CONTRIBUTING.md": 1774966485.5915203,
  "IMPLEMENTATION_ROADMAP.md": 1776795076.3337326,
  "PRD.md": 1776795068.3442066,
  "PROJECT_SETUP.md": 1774966485.5935376,
  "PROJECT_SUMMARY.md": 1774966485.5945349,
  "QUICKSTART.md": 1774966485.5955355,
  "QUICK_REFERENCE.md": 1776797223.220086,
  "README.md": 1776820607.14726,
  "wiki\\home.md": 1774966485.6200666
}
